{
  "type": "logistic_regression",
  "features": [
    "edge",
    "hitRate",
    "avgMin",
    "minStd",
    "valueStd",
    "lineMove",
    "oddsMove",
    "dvpScore",
    "line",
    "odds"
  ],
  "scaler": {
    "mean": [
      -0.045714285714285714,
      0.49428571428571433,
      26.260000000000005,
      5.654285714285714,
      5.334285714285713,
      0.0,
      0.0,
      0.0,
      15.442857142857143,
      -91.94285714285714
    ],
    "scale": [
      2.748541728381263,
      0.21770603658912843,
      3.9430372629665653,
      1.7441072799806878,
      2.4862987818548796,
      1.0,
      1.0,
      1.0,
      8.451349366961999,
      71.19307464600064
    ]
  },
  "lr": {
    "coef": [
      -0.08612517145074576,
      0.24435321201613358,
      -0.07103754758463081,
      0.009813652214164269,
      -0.3777668863310424,
      0.0,
      0.0,
      0.0,
      0.1856886498974635,
      0.044797199891939636
    ],
    "intercept": 0.6671821232215082
  }
}